{"cameraMode":{"drawMode":0,"name":"Shaded","section":"Shading Mode"},"sceneLighting":true,"audioPlay":false,"sceneViewState":{"showFog":true,"showMaterialUpdate":false,"showSkybox":true,"showFlares":true,"showImageEffects":true,"showParticleSystems":true},"in2DMode":false,"pivot":{"x":30.634977340698243,"y":20.813493728637697,"z":-40.644622802734378},"rotation":{"x":0.1589556783437729,"y":-0.23306311666965486,"z":0.03864641487598419,"w":0.9586037993431091},"size":-16.887935638427736,"orthographic":false}